"username","datetime","content"
"38"
"herbivore","2023-04-01 09:15:00","Enjoying a delicious vegan smoothie for breakfast!"
"veganqueen","2023-04-02 13:45:23","Just created a new mouthwatering plant-based recipe. Can't wait to share it with you all!"
"plantbasedchef","2023-04-03 18:30:10","Exploring new vegetarian restaurants in town. Any recommendations?"
"veganqueen","2023-04-05 11:20:05","Found some amazing organic greens at the local farmers market. Fresh and tasty!"
"plantbasedchef","2023-04-06 16:55:30","Rocking my new cruelty-free and vegan outfit! Fashion can be ethical too."
"veganqueen","2023-04-07 08:40:17","Starting the day with a refreshing green juice. It's a great way to boost your energy!"
"plantbasedchef","2023-04-09 14:10:55","Just tried a new plant-based burger. It tastes incredible, just like the real thing!"
"veganqueen","2023-04-10 19:05:42","Eating a nutritious vegan salad packed with vitamins and minerals. Healthy choices for a healthy life!"
"plantbasedchef","2023-04-12 10:30:20","Indulging in a vegan chocolate cake. Treat yourself while being kind to animals and the planet."
"veganqueen","2023-04-14 15:20:37","Just finished a yoga session. Veganism and mindfulness go hand in hand for a balanced life."
"plantbasedchef","2023-04-16 12:35:18","Preparing a delicious plant-based curry for dinner tonight. Excited to savor the flavors!"
"nuttyvegan","2023-04-18 17:50:55","Experimenting with herbal infusions. Nature provides us with wonderful healing remedies."
"nuttyvegan","2023-04-20 09:25:03","Enjoying a nourishing Buddha bowl filled with colorful veggies and plant-based protein. Yum!"
"nuttyvegan","2023-04-22 14:05:47","Exploring the beauty of nature on a hike. Veganism is not just about food, but also about living in harmony with the Earth."
"vegantreats","2023-04-24 18:40:15","Sharing some tips for a balanced vegan diet. Remember to include a variety of fruits, vegetables, legumes, and whole grains in your meals!"
"nuttyvegan","2023-04-26 11:55:22","Attending a vegan cooking class. Learning new techniques and recipes to expand my plant-based culinary skills!"
"veggieworld","2023-04-28 16:30:12","Supporting local farmers by buying fresh produce directly from their farm. It feels good to know where my food comes from!"
"vegantreats","2023-04-30 09:10:05","Having a relaxing Sunday morning with a warm cup of herbal tea. It's the little things that bring joy to life."
"veggieworld","2023-05-02 13:20:30","Trying out vegan skincare products. It's amazing how nature can nourish and heal our skin without any harm to animals. ğŸŒ¿ğŸ§´"
"leafyplanet","2023-05-04 10:45:17","Celebrating Vegan Awareness Month. Spread the vegan love and educate others about the benefits of a plant-based lifestyle!"
"leafyplanet","2023-05-06 15:05:39","Preparing a fresh salad with ingredients from my own garden. Nothing beats the taste of homegrown veggies!"
"leafyplanet","2023-05-08 08:30:55","Starting the day with a green smoothie. It's like a burst of energy and nutrients in a glass!"
"vegantreats","2023-05-10 14:15:18","Found a hidden gem of a vegan restaurant. Their menu is a delightful fusion of flavors and textures."
"leafyplanet","2023-05-12 18:55:07","Sharing my favorite plant-based snacks. Healthy and delicious options for when hunger strikes!"
"veggiemunch","2023-05-14 11:40:23","Visiting an animal sanctuary and spending time with rescued animals. It reinforces my commitment to veganism and compassion for all beings. ğŸ·ğŸ®ğŸ”"
"veggiepower","2023-05-16 16:30:50","Exploring the world of vegan desserts. From decadent cakes to creamy ice creams, there's no shortage of sweet treats in the vegan world. ğŸ°ğŸ¨"
"veganista","2023-05-18 09:25:33","Sharing a recipe for a protein-packed vegan smoothie bowl. It's the perfect post-workout meal to refuel and recover!"
"greeneating","2023-05-20 14:40:15","Feeling grateful for the vegan community. Your support and encouragement make this journey even more enjoyable. ğŸŒ±â¤ï¸"
"leafyplanet","2023-05-22 19:10:27","Attending a vegan fashion show. It's inspiring to see how creativity and compassion can come together in the world of fashion. ğŸ‘—ğŸŒ¿"
"earthlover","2023-05-24 11:55:05","Hosting a vegan potluck. Gathering with friends to share delicious plant-based dishes and create lasting memories!"
"veganbeauty","2023-05-26 16:20:42","Celebrating World Environment Day. Being vegan is a powerful way to reduce our ecological footprint and protect our planet. ğŸŒğŸŒ±"
"greenplate","2023-05-28 09:45:18","Just completed a challenging workout. Plant-based fuel gives me the energy and strength to push through!"
"veganqueen","2023-05-30 14:30:30","Experimenting with international vegan cuisines. It's fascinating to discover new flavors and cultural dishes that are plant-based."
"veggieworld","2023-06-01 18:05:23","Reflecting on my vegan journey. It has brought me a deeper sense of connection, compassion, and overall well-being. ğŸŒ¿ğŸ’š"
"greenjuice","2023-06-03 11:20:47","Supporting local farmers' markets. Buying fresh produce directly from farmers supports the local economy and reduces carbon footprint. ğŸŒ±ğŸ¥¦"
"plantbasedchef","2023-06-05 16:30:10","Sharing the benefits of herbal teas. They not only taste great but also offer various health-promoting properties. Cheers to good health! â˜•ï¸ğŸŒ¿"
"veggielife","2023-06-07 09:55:05","Promoting cruelty-free cosmetics. Let's choose beauty products that align with our values and don't harm animals."
"veganista","2023-06-09 14:45:33","Enjoying a delicious vegan ice cream on a hot summer day. It's the perfect sweet and refreshing treat! ğŸ¦ğŸŒ±"